No.	Product ID	Product Name	Stock Status	Current MRP	Current Cyclify Price	Current Saving	Check / Issue	Corrected MRP	Corrected Cyclify Price	Correction Notes	Product URL	Source
1	1	SAVA Hawkeye SLR7 105 Di2	In Stock	210000	189900	20100	OK				https://cyclify.in/products/sava-hawkeye-slr7-105-di2-1.html	sava-bikes.html
2	2	ELVES Falath EVO+	In Stock	250000	250000	0	Price equals MRP				https://cyclify.in/products/elves-falath-evo-2.html	sava-bikes.html
3	3	ELVES Falath EXP	In Stock	250000	250000	0	Price equals MRP				https://cyclify.in/products/elves-falath-exp-3.html	sava-bikes.html
4	4	ELVES Amanyar	In Stock	400000	400000	0	Price equals MRP				https://cyclify.in/products/elves-amanyar-4.html	sava-bikes.html
5	5	Cyclami Electric Air Pump	In Stock	5500	5250	250	OK				https://cyclify.in/products/cyclami-electric-air-pump-5.html	fcc
6	6	Cyclami C1 Cadence speed Dual Sensor Bike Computer ANT+BLE 5.0 Waterproof GPS C	In Stock	2800	2100	700	OK				https://cyclify.in/products/cyclami-c1-cadence-speed-dual-sensor-6.html	fcc
7	7	Cyclami Tubeless Bicycle Presta Valves	In Stock	1999	999	1000	OK				https://cyclify.in/products/cyclami-tubeless-bicycle-presta-valves-7.html	fcc
8	8	Cyclami 500 Lumen front Light	In Stock	2000	1900	100	OK				https://cyclify.in/products/cyclami-500-lumen-front-light-8.html	fcc
9	9	Cyclami BR-1200 Bicycle Front Light 1200 Lumens	In Stock	4000	3500	500	OK				https://cyclify.in/products/cyclami-br-1200-bicycle-front-light-9.html	fcc
10	10	Cyclami CYC1700 1700 Lumens Rechargeable Waterproof Bicycle Light LED Front Light	In Stock	7000	6300	700	OK				https://cyclify.in/products/cyclami-cyc1700-waterproof-bicycle-light-10.html	fcc
11	11	Cyclami AI1200 Bicycle Headlight	In Stock	3500	2499	1001	OK				https://cyclify.in/products/cyclami-ai1200-bicycle-headlight-11.html	smart-trainers.html
12	12	Carbon Fiber Bicycle Computer Holder Cyclami	In Stock	2500	1500	1000	OK				https://cyclify.in/products/cyclami-carbon-fiber-bicycle-computer-holder-12.html	fcc
13	13	Cyclami BR2000 Rainproof Bicycle Light 2000Lm	In Stock	4500	4300	200	OK				https://cyclify.in/products/cyclami-2000lm-br2000-rainproof-bicycle-light-13.html	fcc
14	14	Bicycle Computer Mount Holder Cyclami S2	In Stock	1500	949	551	OK				https://cyclify.in/products/cyclami-s2-bicycle-computer-mount-holder-14.html	fcc
15	15	Cyclami Bottle Cage Anti Theft GPS Tracker Holder	In Stock	3000	1999	1001	OK				https://cyclify.in/products/cyclami-bottle-cage-anti-theft-gps-tracker-holder-15.html	smart-trainers.html
16	16	S16 Out Front Mount for Bicycle Computer Handlebar Extension Holder	In Stock	3000	2500	500	OK				https://cyclify.in/products/s16-out-front-mount-for-bicycle-computer-16.html	fcc
17	17	Cyclami M6W 3 in 1 Bicycle Mount for GPS Computer, Light & Action Camera	In Stock	1500	1400	100	OK				https://cyclify.in/products/cyclami-m6w-3-in-1-bicycle-mount-17.html	fcc
18	18	Cyclami A3 Max Mini Electric Bike Pump 150 PSI	In Stock	9000	8500	500	OK				https://cyclify.in/products/cyclami-a3-max-mini-electric-bike-pump-18.html	fcc
19	19	Bicycle Computer Holder Mount All in one Bike handelbar Mount	In Stock	1999	1800	199	OK				https://cyclify.in/products/cyclami-all-in-one-bicycle-computer-holder-mount-19.html	fcc
20	20	Cyclami CY200 Smart Brake Sensor Tail Light	In Stock	2000	1900	100	OK				https://cyclify.in/products/cyclami-cy200-smart-brake-sensor-tail-light-20.html	fcc
21	21	Cyclami Q2 SUP Electric Pump with 12000mAh Battery	In Stock	10000	9500	500	OK				https://cyclify.in/products/cyclami-q2-sup-electric-pump-21.html	fcc
22	22	Cyclami BR1000 Super Bright LED Bicycle Headlight	In Stock	2800	2600	200	OK				https://cyclify.in/products/cyclami-br1000-super-bright-led-bicycle-headlight-22.html	fcc
23	23	Cyclami Cyc 1200 Lumen High Brightness Bicycle Light	In Stock	4500	4200	300	OK				https://cyclify.in/products/cyclami-1200-lumen-high-brightness-bicycle-light-23.html	fcc
24	24	Cyclami Ceramic Bearing Jockey Wheel Pulley	In Stock	3500	2000	1500	OK				https://cyclify.in/products/cyclami-ceramic-bearing-jockey-wheel-pulley-24.html	smart-trainers.html
25	25	Cyclami Portable Bicycle Tyre Opener Tool	In Stock	499	299	200	OK				https://cyclify.in/products/cyclami-portable-bicycle-tyre-opener-tool-25.html	smart-trainers.html
26	27	Cyclami CY180 Smart Bicycle Taillight	In Stock	5999	2999	3000	OK				https://cyclify.in/products/cyclami-cy180-smart-bicycle-taillight-27.html	smart-trainers.html
27	28	Cyclami Ai 1200 Lumen Bicycle Front Light	In Stock	3200	3000	200	OK				https://cyclify.in/products/cyclami-1800-lumen-usb-rechargeable-front-light-28.html	fcc
28	29	Cyclami Carbon Fiber Derailleur Jockey Wheel Pulley Set	In Stock	3500	3300	200	OK				https://cyclify.in/products/cyclami-carbon-fiber-derailleur-jockey-wheel-pulley-set-29.html	fcc
29	30	Cyclami Ultra-Light 30g TPU Bicycle Tube 700x18-32C	In Stock	1500	999	501	OK				https://cyclify.in/products/cyclami-ultra-light-tpu-bicycle-tube-30.html	fcc
30	31	Cyclami Multi-Functional Bicycle Tyre Lever	In Stock	999	299	700	OK				https://cyclify.in/products/cyclami-multi-functional-bicycle-tyre-lever-31.html	wheels-tyres.html
31	33	Cyclami 2200 Lumen LED Bicycle Light high brightness Multi Function	In Stock	5000	4750	250	OK				https://cyclify.in/products/cyclami-2200-lumen-led-bicycle-light-33.html	fcc
32	34	Cyclami MTB TPU Inner Tube Anti-Oxidation Lightweight Bicycle Tube 65g	In Stock	1200	1100	100	OK				https://cyclify.in/products/cyclami-mtb-tpu-inner-tube-65g-34.html	fcc
33	35	Cyclami A2 Max 150PSI Mini Electric Bike Tire Pump (Black)	In Stock	9000	8500	500	OK				https://cyclify.in/products/cyclami-a2-max-150psi-mini-electric-bike-tire-pump-35.html	fcc
34	36	ThinkRider X2 Max Smart Trainer	In Stock	40000	35000	5000	OK				https://cyclify.in/products/thinkrider-x2-max-smart-trainer-36.html	smart-trainers.html
35	37	OROME VALAR TH50D Disc Brake Wheelset	In Stock	97000	87000	10000	OK				https://cyclify.in/products/orome-valar-th50d-disc-brake-wheelset-37.html	cycletime
36	38	ThinkRider XX PRO Foldable Smart Trainer	In Stock	51999	51999	0	Price equals MRP				https://cyclify.in/products/thinkrider-xx-pro-foldable-smart-trainer-38.html	smart-trainers.html
37	39	ThinkRider VS 200 Virtual Shifting Controller	In Stock	5999	5999	0	Price equals MRP				https://cyclify.in/products/thinkrider-vs-200-virtual-shifting-controller-39.html	smart-trainers.html
38	40	ThinkRider Speed Cadence Sensor	In Stock	2200	2200	0	Price equals MRP				https://cyclify.in/products/thinkrider-speed-cadence-sensor-40.html	smart-trainers.html
39	41	iGPSPORT BSC200S Cyclocomputer	Out of Stock	9480	7900	1580	Out of stock				https://cyclify.in/products/igpsport-bsc200s-cyclocomputer-41.html	cycletime
40	42	iGPSPORT BSC100Max Cyclocomputer	In Stock	5900	4499	1401	OK				https://cyclify.in/products/igpsport-bsc100max-cyclocomputer-42.html	cycletime
41	43	iGPSPORT BSC100S Cyclocomputer	In Stock	5500	4299	1201	OK				https://cyclify.in/products/igpsport-bsc100s-cyclocomputer-43.html	smart-trainers.html
42	44	iGPSPORT BSC300T Cyclocomputer	In Stock	17973	14300	3673	OK				https://cyclify.in/products/igpsport-bsc300t-cyclocomputer-44.html	cycletime
43	45	iGPSPORT BiNavi Air Cyclocomputer	In Stock	24489	20400	4089	OK				https://cyclify.in/products/igpsport-binavi-air-cyclocomputer-45.html	cycletime
44	46	iGPSPORT iGS800 Cyclocomputer	In Stock	35880	29900	5980	OK				https://cyclify.in/products/igpsport-igs800-cyclocomputer-46.html	smart-trainers.html
45	47	iGPSPORT BiNavi Cyclocomputer	In Stock	31080	24900	6180	OK				https://cyclify.in/products/igpsport-binavi-cyclocomputer-47.html	cycletime
46	48	Elsier Road Cycling Shoes	In Stock	6600	5899	701	OK				https://cyclify.in/products/elsier-road-cycling-shoes-48.html	cycletime
47	49	Cairbull Venger Cycling Helmet	In Stock	3520	2899	621	OK				https://cyclify.in/products/cairbull-venger-cycling-helmet-49.html	cycletime
48	50	MET Trenta MIPS Road Cycling Helmet (Black Red Metallic / Matt Glossy)	In Stock	17999	16499	1500	OK				https://cyclify.in/products/met-trenta-mips-road-cycling-helmet-black-red-metallic-matt-glossy-50.html	cycletime
49	51	MET Trenta 3k Carbon MIPS Road Cycling Helmet (Gray Iridescent)	In Stock	26499	25999	500	OK				https://cyclify.in/products/met-trenta-3k-carbon-mips-road-cycling-helmet-gray-iridescent-51.html	cycletime
50	52	Cairbull Terrain MTB Helmet	In Stock	2900	2900	0	Price equals MRP				https://cyclify.in/products/cairbull-terrain-mtb-helmet-52.html	cycletime
51	53	Cairbull SLK20 Cycling Helmet	In Stock	3900	3200	700	OK				https://cyclify.in/products/cairbull-slk20-cycling-helmet-53.html	cycletime
52	54	ThinkRider TPU 28g Ultralight Bicycle Tube	In Stock	500	500	0	Price equals MRP				https://cyclify.in/products/thinkrider-tpu-28g-ultralight-bicycle-tube-54.html	wheels-tyres.html
53	55	ThinkRider Bike Trainer Front Wheel Block	In Stock	999	999	0	Price equals MRP				https://cyclify.in/products/thinkrider-bike-trainer-front-wheel-block-55.html	smart-trainers.html
54	56	ThinkRider 12-Speed 11-34T Cassette	In Stock	3500	2999	501	OK				https://cyclify.in/products/thinkrider-12-speed-11-34t-cassette-56.html	components.html
55	57	ThinkRider Heart Rate Monitor with Chest Belt	In Stock	2800	2800	0	Price equals MRP				https://cyclify.in/products/thinkrider-heart-rate-monitor-with-chest-belt-57.html	smart-trainers.html
56	58	ThinkRider NL-15 Pro Bicycle Torque Wrench Set	In Stock	4500	4200	300	OK				https://cyclify.in/products/thinkrider-nl-15-pro-bicycle-torque-wrench-set-58.html	components.html
57	59	RIRO GOLDIX RXS 110BCD Double Chainrings	In Stock	6500	4699	1801	OK				https://cyclify.in/products/riro-goldix-rxs-110bcd-double-chainrings-59.html	components.html
58	60	RIRO ACF Carbon Crankset 399g	In Stock	14999	14299	700	OK				https://cyclify.in/products/riro-acf-carbon-crankset-399g-60.html	components.html
59	61	Toseek zxb two Carbon Road Handlebar Lightweight Drop Bar with Internal Cable Routing	In Stock	9000	5799	3201	OK				https://cyclify.in/products/toseek-tr30-carbon-road-handlebar-61.html	fcc
60	62	Toseek Full Carbon Relax Handelbar, TT bar	In Stock	14000	7999	6001	OK				https://cyclify.in/products/toseek-ttf10-full-carbon-relax-handlebar-tt-bar-62.html	fcc
61	63	SAVA Aurora A7L Pro Carbon Road Bike	In Stock	140000	140000	0	Price equals MRP				https://cyclify.in/products/sava-aurora-a7l-pro-carbon-road-bike-63.html	sava-bikes.html
62	64	FLR PR-350 Road Bike Pedals	In Stock	3500	2500	1000	OK				https://cyclify.in/products/flr-pr-350-road-bike-pedals-64.html	Accessories
63	230708292	Toseek Ultralight weight Full Carbon Saddle	In Stock	6000	4500	1500	OK				https://cyclify.in/products/toseek-ultralight-weight-full-carbon-saddle-230708292.html	fcc
64	230741493	Ralson Foldable tyres	In Stock	1249	900	349	OK				https://cyclify.in/products/ralson-foldable-tyres-230741493.html	fcc
65	230919508	Toseek Eva leather comfortable Saddle	In Stock	3000	3000	0	Price equals MRP				https://cyclify.in/products/toseek-eva-leather-comfortable-saddle-230919508.html	fcc
66	230919546	Toseek Mtb Carbon Handlebar	In Stock	6000	4999	1001	OK				https://cyclify.in/products/toseek-mtb-carbon-handlebar-230919546.html	fcc
67	230919561	Toseek Carbon Fiber Bottle Cage	In Stock	2800	1980	820	OK				https://cyclify.in/products/toseek-carbon-fiber-bottle-cage-230919561.html	fcc
68	230920333	Toseek Carbon Stem	In Stock	3500	2499	1001	OK				https://cyclify.in/products/toseek-carbon-stem-230920333.html	fcc
69	230930564	Toseek Handlebar Tape	In Stock	2400	1650	750	OK				https://cyclify.in/products/toseek-handlebar-tape-230930564.html	fcc
70	230930580	Toseek Bicycle pedal	In Stock	3800	2800	1000	OK				https://cyclify.in/products/toseek-bicycle-pedal-230930580.html	fcc
71	231231406	Toseek TS50 Lightweight Bicycle Seat	Out of Stock	2800	1950	850	Out of stock				https://cyclify.in/products/toseek-ts50-lightweight-bicycle-seat-231231406.html	fcc
72	232167452	Toseek Full Carbon Integrated Mtb Handelbar	In Stock	18000	12000	6000	OK				https://cyclify.in/products/toseek-full-carbon-integrated-mtb-handelbar-232167452.html	fcc
73	232167537	Toseek 3k Carbon Woave Pu Leather Black Road Handelbar Tape	In Stock	2800	1399	1401	OK				https://cyclify.in/products/toseek-3k-carbon-woave-pu-leather-black-road-handelbar-tape-232167537.html	fcc
74	232213739	Xoss G2+ Bicycle Gps Computer	In Stock	4500	4300	200	OK				https://cyclify.in/products/xoss-g2-bicycle-gps-computer-232213739.html	fcc
75	232771265	Cyclami 300 Lumen Rechargeable Bicycle front light Powerful LED Bike Headlight Flashlight with 600Mah Battery Supply	In Stock	3500	2200	1300	OK				https://cyclify.in/products/cyclami-300-lumen-rechargeable-bicycle-front-light-powerful-led-bike-headl-232771265.html	fcc
76	232900242	Ralson 700x28C Bicycle Tyre & Tube Combo Pair – Set of 2 Tyres and 2 Tubes	In Stock	1999	1699	300	OK				https://cyclify.in/products/ralson-700x28c-bicycle-tyre-and-tube-combo-pair-set-of-2-tyres-and-2-tubes-232900242.html	fcc
77	232900253	Ralson 700×28C Tyre and Tube Combo | High-Performance Set for Road & Hybrid Bicycles | Tyre & Tube Combo	In Stock	1599	1090	509	OK				https://cyclify.in/products/ralson-700-28c-tyre-and-tube-combo-high-performance-set-for-road-and-hybri-232900253.html	fcc
78	232900264	Ralson 700x35 Bicycle Tyre & Tube Combo Pair – Set of 2 Tyres and 2 Schrader Valve Butyl Tubes Combo	In Stock	3499	1999	1500	OK				https://cyclify.in/products/ralson-700x35-bicycle-tyre-and-tube-combo-pair-set-of-2-tyres-and-2-schrad-232900264.html	fcc
79	232900275	Ralson 700×35 Moulded Schrader Valve Inner Tube Butyl Bicycle Tube 700x35 with Schrader Valve for Bicycle	In Stock	699	350	349	OK				https://cyclify.in/products/ralson-700-35-moulded-schrader-valve-inner-tube-butyl-bicycle-tube-700x35--232900275.html	fcc
80	232900302	Ralson 700×28C Bicycle Tube Set | Pack of 2 Durable Inner Tubes for Road & Hybrid Cycles | Tube for Bicycle	In Stock	1099	619	480	OK				https://cyclify.in/products/ralson-700-28c-bicycle-tube-set-pack-of-2-durable-inner-tubes-for-road-and-232900302.html	fcc
81	232900431	Foldable Road and Hybrid Bicycle 700 * 35 Tyre and Tube Combo	In Stock	2000	1500	500	OK				https://cyclify.in/products/foldable-road-and-hybrid-bicycle-700-35-tyre-and-tube-combo-232900431.html	fcc
82	232900531	Ralson Road and Hybrid Bicycle 700 * 25 Tyre and Tube Combo	In Stock	1200	850	350	OK				https://cyclify.in/products/ralson-road-and-hybrid-bicycle-700-25-tyre-and-tube-combo-232900531.html	fcc
83	232900551	Ralson 700x35 Road & Hybrid Bicycle Tyre with 700x35 Moulded Schrader Valve Butyl Inner Tube Combo&	In Stock	1999	1150	849	OK				https://cyclify.in/products/ralson-700x35-road-and-hybrid-bicycle-tyre-with-700x35-moulded-schrader-va-232900551.html	fcc
84	232900557	Ralson 700 * 35 Tyre & Tube Combo	In Stock	1500	1000	500	OK				https://cyclify.in/products/ralson-700-35-tyre-and-tube-combo-232900557.html	fcc
85	232929401	Ralson 29X2.40 | Nylon HimalayanTrail Skill Wall Tyre | Side Grooves and Cornering	In Stock	1399	1100	299	OK				https://cyclify.in/products/ralson-29x2-40-nylon-himalayantrail-skill-wall-tyre-side-grooves-and-corne-232929401.html	fcc
86	232929423	Ralson 29×2.40 Bicycle Tyre | 60 TPI Vector Nylon, Skin Sidewall	In Stock	1300	990	310	OK				https://cyclify.in/products/ralson-29-2-40-bicycle-tyre-60-tpi-vector-nylon-skin-sidewall-232929423.html	fcc
87	232929475	Ralson Cycle Tyre 700x35-38C	In Stock	1200	1000	200	OK				https://cyclify.in/products/ralson-cycle-tyre-700x35-38c-232929475.html	fcc
88	232929490	Ralson Monde Antipuncture 700×32-35C Bicycle Tyre | 60 TPI Road	In Stock	1800	1400	400	OK				https://cyclify.in/products/ralson-monde-antipuncture-700-32-35c-bicycle-tyre-60-tpi-road-232929490.html	fcc
89	232931015	Ralson 700x23-28C City Bike Tyre | Nylon Road Bicycle Tyre	In Stock	1200	749	451	OK				https://cyclify.in/products/ralson-700x23-28c-city-bike-tyre-nylon-road-bicycle-tyre-232931015.html	fcc
90	233091760	Ralson Ecoracer Lite Foldable Tubeless Ready Training Tyre Foldable For Bicycle	In Stock	2400	2200	200	OK				https://cyclify.in/products/ralson-ecoracer-lite-foldable-tubeless-ready-training-tyre-foldable-for-bi-233091760.html	fcc
91	233091780	Ralson Ecoracer Lite Pro Foldable Tubeless Ready Training Tyre	In Stock	3000	2700	300	OK				https://cyclify.in/products/ralson-ecoracer-lite-pro-foldable-tubeless-ready-training-tyre-233091780.html	fcc
92	233091828	Ralson ECORACER Bicycle Tube 700x23-28C | Presta Valve 48mm, 60mm, 80mm	In Stock	600	550	50	OK				https://cyclify.in/products/ralson-ecoracer-bicycle-tube-700x23-28c-presta-valve-48mm-60mm-80mm-233091828.html	fcc
93	233091846	Ralson ECORACER Bicycle Tube 28/29 * 2.10-2.50 | Presta Valve 48mm, 60mm & 80mm	In Stock	725	590	135	OK				https://cyclify.in/products/ralson-ecoracer-bicycle-tube-28-29-2-10-2-50-presta-valve-48mm-60mm-and-80-233091846.html	fcc
94	233109414	ECORACER Bicycle Tube 700x32-45C | Presta Valve Premium Butyl Rubber Inner Tube for Bicycle (Pack of 1) For Bicycle	In Stock	500	499	1	OK				https://cyclify.in/products/ecoracer-bicycle-tube-700x32-45c-presta-valve-premium-butyl-rubber-inner-t-233109414.html	fcc
95	233109418	Ecoracer Lite Foldable Tubeless Ready Training Tyre	In Stock	2800	2600	200	OK				https://cyclify.in/products/ecoracer-lite-foldable-tubeless-ready-training-tyre-233109418.html	fcc
96	233144605	Ecoracer Lite Foldable Tubeless Ready Training Tyre (Size 700x40C) for Bicycle	In Stock	3500	2999	501	OK				https://cyclify.in/products/ecoracer-lite-foldable-tubeless-ready-training-tyre-size-700x40c-for-bicyc-233144605.html	fcc
97	233151037	XOSS NAV GPS Bike Computer 2.4" HD Screen Offline Navigation ANT+ IPX7 Wireless	In Stock	8000	7200	800	OK				https://cyclify.in/products/xoss-nav-gps-bike-computer-2-4-hd-screen-offline-navigation-ant-ipx7-wirel-233151037.html	fcc
98	233151039	XOSS NAV+ GPS Bike Computer with Offline Navigation, ANT+ & IPX7 Waterproof Wireless	In Stock	9000	8100	900	OK				https://cyclify.in/products/xoss-nav-gps-bike-computer-with-offline-navigation-ant-and-ipx7-waterproof-233151039.html	fcc
99	233151040	XOSS G3+ Gen3 GPS Bike Computer ANT+ Cycling Computer 40H Battery IPX7 Wireless	In Stock	6000	5400	600	OK				https://cyclify.in/products/xoss-g3-gen3-gps-bike-computer-ant-cycling-computer-40h-battery-ipx7-wirel-233151040.html	fcc
100	233155914	Xoss X2 Smart Heart Rate Sensor	In Stock	3200	3000	200	OK				https://cyclify.in/products/xoss-x2-smart-heart-rate-sensor-233155914.html	fcc
101	233155919	XOSS X2 Pro Heart Rate Monitor Sensor	In Stock	3800	3600	200	OK				https://cyclify.in/products/xoss-x2-pro-heart-rate-monitor-sensor-233155919.html	fcc
102	233156088	XOSS Vortex Speed & Cadence Sensor ANT+	In Stock	1800	1700	100	OK				https://cyclify.in/products/xoss-vortex-speed-and-cadence-sensor-ant-233156088.html	fcc
103	233156114	XOSS ARENA Dual Speed Cadence Sensor ANT+	In Stock	1500	1450	50	OK				https://cyclify.in/products/xoss-arena-dual-speed-cadence-sensor-ant-233156114.html	fcc
104	233156179	XOSS NAV & NAV+ GPS Bike Computer Silicone Protective Case with Screen Protector	In Stock	1000	950	50	OK				https://cyclify.in/products/xoss-nav-and-nav-gps-bike-computer-silicone-protective-case-with-screen-pr-233156179.html	fcc
105	233156553	Ecoracer Lite Foldable Tubeless Ready Training Tyre (Size 700 * 35C) Tyre for Bicycle	In Stock	2999	2599	400	OK				https://cyclify.in/products/ecoracer-lite-foldable-tubeless-ready-training-tyre-size-700-35c-tyre-for--233156553.html	fcc
106	233157021	Ralson Rock on Bicycle Tyre 700x42C	In Stock	1500	1300	200	OK				https://cyclify.in/products/ralson-rock-on-bicycle-tyre-700x42c-233157021.html	fcc
107	233157030	Ralson 700x38C Bicycle Tyre | Hero Lectro Tyre	In Stock	1100	999	101	OK				https://cyclify.in/products/ralson-700x38c-bicycle-tyre-hero-lectro-tyre-233157030.html	fcc
108	801615825	Riderace Bottle	In Stock	549	549	0	Price equals MRP				https://cyclify.in/products/riderace-bottle-801615825.html	cadencelife
109	801738400	Premium Cycling Arm Sleeves | UV Protection Cooling Compression Sleeves	In Stock	1349	1349	0	Price equals MRP				https://cyclify.in/products/premium-cycling-arm-sleeves-uv-protection-cooling-compression-sleeves-801738400.html	cadencelife
110	802269192	HR Replacement Belt	Out of Stock	749	749	0	Price equals MRP; Out of stock				https://cyclify.in/products/hr-replacement-belt-802269192.html	cadencelife
111	809300846	Photochromic Sunglass SC	Out of Stock	999	999	0	Price equals MRP; Out of stock				https://cyclify.in/products/photochromic-sunglass-sc-809300846.html	cadencelife
112	815167776	MCYCLE Aerosocks	In Stock	1099	1099	0	Price equals MRP				https://cyclify.in/products/mcycle-aerosocks-845606841.html	cadencelife
113	821614014	Premium Half Finger Cycling Gloves | Shock Absorbing Gel Padded Anti-Slip Bike Gloves	In Stock	1349	1349	0	Price equals MRP				https://cyclify.in/products/premium-half-finger-cycling-gloves-shock-absorbing-gel-padded-anti-slip-bi-821614014.html	cadencelife
114	821905294	MCYCLE Free Cutting Short Finger Cycling Gloves	In Stock	1349	1349	0	Price equals MRP				https://cyclify.in/products/mcycle-free-cutting-short-finger-cycling-gloves-821905294.html	cadencelife
115	822090268	MCYCLE Free Cutting Short Finger Gloves	In Stock	1349	1349	0	Price equals MRP				https://cyclify.in/products/mcycle-free-cutting-short-finger-gloves-822090268.html	cadencelife
116	824840300	MCYCLE Aerosocks	In Stock	1099	1099	0	Price equals MRP				https://cyclify.in/products/mcycle-aerosocks-845606841.html	cadencelife
117	825557921	Traceless Cycling Arm Sleeves | Seamless UV Protection Cooling Compression Sleeves	In Stock	699	699	0	Price equals MRP				https://cyclify.in/products/traceless-cycling-arm-sleeves-seamless-uv-protection-cooling-compression-s-825557921.html	cadencelife
118	825779206	Performance Running Cap	In Stock	749	749	0	Price equals MRP				https://cyclify.in/products/performance-running-cap-825779206.html	cadencelife
119	826078465	Smart Fitness Band	In Stock	3199	3199	0	Price equals MRP				https://cyclify.in/products/smart-fitness-band-826078465.html	cadencelife
120	829283031	CadenceLife Trail Hydration Vest with 2L Water Bladder	In Stock	2499	2499	0	Price equals MRP				https://cyclify.in/products/cadencelife-trail-hydration-vest-with-2l-water-bladder-829283031.html	cadencelife
121	831945395	MCYCLE Aerosocks	In Stock	1099	1099	0	Price equals MRP				https://cyclify.in/products/mcycle-aerosocks-845606841.html	cadencelife
122	832513965	Aerosocks	In Stock	849	849	0	Price equals MRP				https://cyclify.in/products/aerosocks-832513965.html	cadencelife
123	832896565	OEM Screenless Fitness Band	In Stock	3999	3999	0	Price equals MRP				https://cyclify.in/products/oem-screenless-fitness-band-832896565.html	cadencelife
124	834971880	Mcycle Custom PU Neoprene Cycling Overshoes	In Stock	1749	1749	0	Price equals MRP				https://cyclify.in/products/mcycle-custom-pu-neoprene-cycling-overshoes-834971880.html	cadencelife
125	841759245	Cycling Crossbody Sling Bag | Water-Resistant Lightweight Shoulder Bag for Cycling & Outdoor Sports	In Stock	1099	1099	0	Price equals MRP				https://cyclify.in/products/cycling-crossbody-sling-bag-water-resistant-lightweight-shoulder-bag-for-c-841759245.html	cadencelife
126	841771621	MCYCLE Knitted Sport Crew Socks	In Stock	599	599	0	Price equals MRP				https://cyclify.in/products/mcycle-knitted-sport-crew-socks-841771621.html	cadencelife
127	845606841	MCYCLE Aerosocks	In Stock	1099	1099	0	Price equals MRP				https://cyclify.in/products/mcycle-aerosocks-845606841.html	cadencelife
128	847842239	CYCPLUS H2 Heart Rate Monitor - Dual Mode ANT+ & Bluetooth Chest Strap	Out of Stock	3299	3299	0	Price equals MRP; Out of stock				https://cyclify.in/products/cycplus-h2-heart-rate-monitor-dual-mode-ant-and-bluetooth-chest-strap-847842239.html	cadencelife
129	848723014	MCYCLE Aerosocks	In Stock	1099	1099	0	Price equals MRP				https://cyclify.in/products/mcycle-aerosocks-845606841.html	cadencelife
130	850427967	Thermal Compression Leg Sleeves | Lightweight UV Protective Sleeves	In Stock	1199	1199	0	Price equals MRP				https://cyclify.in/products/thermal-compression-leg-sleeves-lightweight-uv-protective-sleeves-850427967.html	cadencelife
131	862959156	Carbon Integrated Computer Mount	In Stock	999	999	0	Price equals MRP				https://cyclify.in/products/carbon-integrated-computer-mount-862959156.html	cadencelife
132	863040218	Performance Cycling Baselayer	In Stock	849	849	0	Price equals MRP				https://cyclify.in/products/performance-cycling-baselayer-863040218.html	cadencelife
133	865826108	MCYCLE PU Neoprene Cycling Overshoes	Out of Stock	1999	1999	0	Price equals MRP; Out of stock				https://cyclify.in/products/mcycle-pu-neoprene-cycling-overshoes-865826108.html	cadencelife
134	866164518	MCYCLE Free Cutting Glove	Out of Stock	1349	1349	0	Price equals MRP; Out of stock				https://cyclify.in/products/mcycle-free-cutting-glove-866164518.html	cadencelife
135	866766468	Waterproof & Windproof Cycling Shoe Covers	Out of Stock	2099	2099	0	Price equals MRP; Out of stock				https://cyclify.in/products/waterproof-and-windproof-cycling-shoe-covers-866766468.html	cadencelife
136	871124759	MCYCLE Spring Breathable Waterproof Cycling Shoe Cover	Out of Stock	1799	1799	0	Price equals MRP; Out of stock				https://cyclify.in/products/mcycle-spring-breathable-waterproof-cycling-shoe-cover-871124759.html	cadencelife
137	877902885	MCYCLE Pedal Slave Knitted Cycling Socks	In Stock	549	549	0	Price equals MRP				https://cyclify.in/products/mcycle-pedal-slave-knitted-cycling-socks-877902885.html	cadencelife
138	880324353	Running Waist Belt	In Stock	899	899	0	Price equals MRP				https://cyclify.in/products/running-waist-belt-880324353.html	cadencelife
139	884014120	X-TIGER Polarized Sunglass-5 Interchangeable Lens kit	Out of Stock	1799	1799	0	Price equals MRP; Out of stock				https://cyclify.in/products/x-tiger-polarized-sunglass-5-interchangeable-lens-kit-884014120.html	cadencelife
140	885054636	Mcycle Summer Sport Leg Warmer - Breathable Bicycle Leg Sleeves with UV Protection	In Stock	999	999	0	Price equals MRP				https://cyclify.in/products/mcycle-summer-sport-leg-warmer-breathable-bicycle-leg-sleeves-with-uv-prot-885054636.html	cadencelife
141	891334515	X-TIGER Polarised Sunglass- 3 Interchangeable Lens kit	Out of Stock	1499	1499	0	Price equals MRP; Out of stock				https://cyclify.in/products/x-tiger-polarised-sunglass-3-interchangeable-lens-kit-891334515.html	cadencelife
142	892523227	Photochromic Sunglass KD	Out of Stock	999	999	0	Price equals MRP; Out of stock				https://cyclify.in/products/photochromic-sunglass-kd-892523227.html	cadencelife
143	899695800	Alloy Integrated Computer Mount	In Stock	899	899	0	Price equals MRP				https://cyclify.in/products/alloy-integrated-computer-mount-899695800.html	cadencelife
144	10785797079233	iGPSPORT CAD70 Cadence Sensor	In Stock	2215	1799	416	OK				https://cyclify.in/products/igpsport-cad70-cadence-sensor-10785797079233.html	cycletime
145	10785800454337	iGPSPORT SPD70 Speed Sensor	In Stock	2215	1799	416	OK				https://cyclify.in/products/igpsport-spd70-speed-sensor-10785800454337.html	cycletime
146	10785802158273	iGPSPORT M80 Out-Front Bike Mount	In Stock	840	720	120	OK				https://cyclify.in/products/igpsport-m80-out-front-bike-mount-10785802158273.html	cycletime
147	10785804583105	iGPSPORT HR50 Heart Rate Monitor	In Stock	4212	3305	907	OK				https://cyclify.in/products/igpsport-hr50-heart-rate-monitor-10785804583105.html	cycletime
148	10785808318657	iGPSPORT HR70 Heart Rate Monitor	Out of Stock	5998	4999	999	Out of stock				https://cyclify.in/products/igpsport-hr70-heart-rate-monitor-10785808318657.html	cycletime
149	10785814773953	iGPSPORT TL30 Smart Tailight	In Stock	3480	2900	580	OK				https://cyclify.in/products/igpsport-tl30-smart-tailight-10785814773953.html	cycletime
150	10785816543425	iGPSPORT M83 Bike Handlebar Mount	In Stock	1800	1499	301	OK				https://cyclify.in/products/igpsport-m83-bike-handlebar-mount-10785816543425.html	cycletime
151	10786250391745	iGPSPORT LW10 Smart Watch	Out of Stock	10308	8590	1718	Out of stock				https://cyclify.in/products/igpsport-lw10-smart-watch-10786250391745.html	cycletime
152	10786266185921	iGPSPORT VS500 Smart Light	Out of Stock	4080	3395	685	Out of stock				https://cyclify.in/products/igpsport-vs500-smart-light-10786266185921.html	cycletime
153	10786279358657	IGPSPORTS VS1200 Smart Front Bike Light	Out of Stock	7800	5849	1951	Out of stock				https://cyclify.in/products/igpsports-vs1200-smart-front-bike-light-10786279358657.html	cycletime
154	10786293219521	iGPSPORT VS800 Smart Light	Out of Stock	6125	4409	1716	Out of stock				https://cyclify.in/products/igpsport-vs800-smart-light-10786293219521.html	cycletime
155	10786311045313	iGPSPORT Smart Light VS1800	Out of Stock	9588	6990	2598	Out of stock				https://cyclify.in/products/igpsport-smart-light-vs1800-10786311045313.html	cycletime
156	10786319859905	iGPSPORT M82S Integrated Out-front Bike Mount	In Stock	2278	1899	379	OK				https://cyclify.in/products/igpsport-m82s-integrated-out-front-bike-mount-10786319859905.html	cycletime
157	10786323988673	ELVES Falath EXP Carbon Disc Frameset	In Stock	151000	151000	0	Price equals MRP				https://cyclify.in/products/elves-falath-exp-carbon-disc-frameset-10786323988673.html	cycletime
158	10786329690305	TOWILD DLite1800 Bike Light	Out of Stock	7438	6199	1239	Out of stock				https://cyclify.in/products/towild-dlite1800-bike-light-10786329690305.html	cycletime
159	10786336702657	TOWILD CL600 Bike Light	In Stock	3838	3199	639	OK				https://cyclify.in/products/towild-cl600-bike-light-10786336702657.html	cycletime
160	10786869477569	TOWILD CL1600 Bike Light	In Stock	7800	6499	1301	OK				https://cyclify.in/products/towild-cl1600-bike-light-10786869477569.html	cycletime
161	10786873606337	TOWILD BR800S Bike Light	In Stock	4318	3599	719	OK				https://cyclify.in/products/towild-br800s-bike-light-10786873606337.html	cycletime
162	10786879635649	TOWILD TL05 Bike Tail Light	Out of Stock	2146	1789	357	Out of stock				https://cyclify.in/products/towild-tl05-bike-tail-light-10786879635649.html	cycletime
163	10786884649153	TOWILD TL03 Bike Tail Light	Out of Stock	1906	1589	317	Out of stock				https://cyclify.in/products/towild-tl03-bike-tail-light-10786884649153.html	cycletime
164	10786887827649	ELVES Falath EVO+ Carbon Disc Frameset	In Stock	125000	139000	-14000	Cyclify price above MRP				https://cyclify.in/products/elves-falath-evo-carbon-disc-frameset-10786887827649.html	cycletime
165	10786888155329	TOWILD AS90 Out Front Bike Mount Bicycle Edge Compatible	Out of Stock	1498	1249	249	Out of stock				https://cyclify.in/products/towild-as90-out-front-bike-mount-bicycle-edge-compatible-10786888155329.html	cycletime
166	10786894708929	TOWILD AS80 Bike Computer Mount	Out of Stock	1498	1249	249	Out of stock				https://cyclify.in/products/towild-as80-bike-computer-mount-10786894708929.html	cycletime
167	10786902507713	TOWILD AS70 Bike Computer Mount	Out of Stock	1498	1249	249	Out of stock				https://cyclify.in/products/towild-as70-bike-computer-mount-10786902507713.html	cycletime
168	10786921382081	TOWILD Bike Light Wireless Remote Control	Out of Stock	1138	949	189	Out of stock				https://cyclify.in/products/towild-bike-light-wireless-remote-control-10786921382081.html	cycletime
169	10786924363969	TOWILD CL1000 Bike Light	Out of Stock	4198	3499	699	Out of stock				https://cyclify.in/products/towild-cl1000-bike-light-10786924363969.html	cycletime
170	10786928459969	TOWILD CL1200 Bike Light	Out of Stock	4678	3899	779	Out of stock				https://cyclify.in/products/towild-cl1200-bike-light-10786928459969.html	cycletime
171	10786942255297	Elsier Road Cycling Cleats	In Stock	838	699	139	OK				https://cyclify.in/products/elsier-road-cycling-cleats-10786942255297.html	cycletime
172	10786952839361	Elsier Road Cycling Cleat Pedals	In Stock	5199	4100	1099	OK				https://cyclify.in/products/elsier-road-cycling-cleat-pedals-10786952839361.html	cycletime
173	10792111866049	Elsier Track Cycling Cog 12T	In Stock	2800	2400	400	OK				https://cyclify.in/products/elsier-track-cycling-cog-12t-10792111866049.html	cycletime
174	10795496374465	OROME VALAR SK40D Road Disc Wheelset - ALL CARBON SIX SPOKE SUPER-LIGHT WHEELSET	Out of Stock	125000	109900	15100	Out of stock				https://cyclify.in/products/orome-valar-sk40d-road-disc-wheelset-all-carbon-six-spoke-super-light-whee-10795496374465.html	cycletime
175	10798054637761	Elsier Super Wear -Resistant Chain	In Stock	900	900	0	Price equals MRP				https://cyclify.in/products/elsier-super-wear-resistant-chain-10798054637761.html	cycletime
176	10798059618497	Elsier Alloy Road 110BCD Chainrings 12 Speed	In Stock	1990	1990	0	Price equals MRP				https://cyclify.in/products/elsier-alloy-road-110bcd-chainrings-12-speed-10798059618497.html	cycletime
177	10798063452353	Elsier Alloy Versatile(Rim Brake & Disc Brake) Clincher	In Stock	19900	19900	0	Price equals MRP				https://cyclify.in/products/elsier-alloy-versatile-rim-brake-and-disc-brake-clincher-10798063452353.html	cycletime
178	10798068105409	Elsier Carbon Road 110BCD Chainring 12-Speed	In Stock	13900	13900	0	Price equals MRP				https://cyclify.in/products/elsier-carbon-road-110bcd-chainring-12-speed-10798068105409.html	cycletime
179	10798083244225	Elsier 60mm Valve Extender	In Stock	999	600	399	OK				https://cyclify.in/products/elsier-60mm-valve-extender-10798083244225.html	cycletime
180	10798094155969	Elsier Bike Computer Mount	Out of Stock	1500	990	510	Out of stock				https://cyclify.in/products/elsier-bike-computer-mount-10798094155969.html	cycletime
181	10798139900097	Elsier Chainring 144 BCD Track Bike Fixie Aero Fixed	In Stock	4500	4500	0	Price equals MRP				https://cyclify.in/products/elsier-chainring-144-bcd-track-bike-fixie-aero-fixed-10798139900097.html	cycletime
182	10798154154177	Elsier Road Bicycle Cassette -11Speed	In Stock	2800	2800	0	Price equals MRP				https://cyclify.in/products/elsier-road-bicycle-cassette-11speed-10798154154177.html	cycletime
183	10798170865857	Elsier Road Bicycle Cassette-Silver-12Speed 11-30T	Out of Stock	4680	3900	780	Out of stock				https://cyclify.in/products/elsier-road-bicycle-cassette-silver-12speed-11-30t-10798170865857.html	cycletime
184	10798187806913	Elsier Ceramic Jockey Wheels Set	In Stock	1500	1500	0	Price equals MRP				https://cyclify.in/products/elsier-ceramic-jockey-wheels-set-10798187806913.html	cycletime
185	10798697873601	Elsier Handle Stem	In Stock	1500	1500	0	Price equals MRP				https://cyclify.in/products/elsier-handle-stem-10798697873601.html	cycletime
186	10798698823873	Elsier Alloy Aero Road Bicycle Handle Bar	In Stock	2280	1900	380	OK				https://cyclify.in/products/elsier-alloy-aero-road-bicycle-handle-bar-10798698823873.html	cycletime
187	10798701510849	Continental Ultra Sport III Folding Tire	Out of Stock	2700	2700	0	Price equals MRP; Out of stock				https://cyclify.in/products/continental-ultra-sport-iii-folding-tire-10798701510849.html	cycletime
188	10800344006849	Bike Seat Post Clamp	In Stock	749	610	139	OK				https://cyclify.in/products/bike-seat-post-clamp-10800344006849.html	cycletime
189	10800362946753	FMFXTR Bike Front Derailleur Clip Ring Seat Post	In Stock	709	590	119	OK				https://cyclify.in/products/fmfxtr-bike-front-derailleur-clip-ring-seat-post-10800362946753.html	cycletime
190	10800365600961	FMFXTR EVA PU Handlebar Tape	Out of Stock	1199	999	200	Out of stock				https://cyclify.in/products/fmfxtr-eva-pu-handlebar-tape-10800365600961.html	cycletime
191	10800437985473	M9 & M10 Track Bicycle Wheel Nuts	In Stock	305	252	53	OK				https://cyclify.in/products/m9-and-m10-track-bicycle-wheel-nuts-10800437985473.html	cycletime
192	10800479305921	FMFXTR PU EVA Leather Handlebar Tape Bicycle	In Stock	1499	1250	249	OK				https://cyclify.in/products/fmfxtr-pu-eva-leather-handlebar-tape-bicycle-10800479305921.html	cycletime
193	10800779460801	IZUMI Bicycle Chain Track Silver	Out of Stock	2998	2499	499	Out of stock				https://cyclify.in/products/izumi-bicycle-chain-track-silver-10800779460801.html	cycletime
194	10800784474305	Aerodoc Track Cog	In Stock	2158	1798	360	OK				https://cyclify.in/products/aerodoc-track-cog-10800784474305.html	cycletime
195	10805779923137	Elsier Bicycle Roller	Out of Stock	14299	11900	2399	Out of stock				https://cyclify.in/products/elsier-bicycle-roller-10805779923137.html	cycletime
196	10805815836865	Elsier Bike Aero Seatpost Bag Hard Shell Bike Seatpost Torpedo Saddle Bag Large Capacity Cycling Storage Bag Cycling Accessories	In Stock	1990	1299	691	OK				https://cyclify.in/products/elsier-bike-aero-seatpost-bag-hard-shell-bike-seatpost-torpedo-saddle-bag--10805815836865.html	cycletime
197	10809960857793	iGPSPORT BSC 100S Computer Protective Case	In Stock	999	700	299	OK				https://cyclify.in/products/igpsport-bsc-100s-computer-protective-case-10809960857793.html	cycletime
198	10813004054721	Bicycle Roller Belt	In Stock	839	700	139	OK				https://cyclify.in/products/bicycle-roller-belt-10813004054721.html	cycletime
199	10813010968769	Bicycle Pedal Wrench Double Sided	In Stock	1399	499	900	OK				https://cyclify.in/products/bicycle-pedal-wrench-double-sided-10813010968769.html	cycletime
200	10813021126849	Bicycle Cable Cutter	In Stock	1599	799	800	OK				https://cyclify.in/products/bicycle-cable-cutter-10813021126849.html	cycletime
201	10823281967297	iGPSPORT SR mini Smart Radar Taillight	In Stock	9480	7900	1580	OK				https://cyclify.in/products/igpsport-sr-mini-smart-radar-taillight-10823281967297.html	cycletime
202	10847070814401	ELSIER Carbon Bottle Cages	In Stock	1499	1499	0	Price equals MRP				https://cyclify.in/products/elsier-carbon-bottle-cages-10847070814401.html	cycletime
203	10848166281409	iGPSPORT ET6 Smart Emoji Taillight	In Stock	4900	3555	1345	OK				https://cyclify.in/products/igpsport-et6-smart-emoji-taillight-10848166281409.html	cycletime
204	10857343254721	Shimano Compatible Cleats Cover	In Stock	999	799	200	OK				https://cyclify.in/products/shimano-compatible-cleats-cover-10857343254721.html	cycletime
205	10857355477185	Bicycle Pedal Foot Strap – Adjustable Pedal Straps	In Stock	2363	599	1764	OK				https://cyclify.in/products/bicycle-pedal-foot-strap-adjustable-pedal-straps-10857355477185.html	cycletime
206	10859329388737	Cycling Onepiece	Out of Stock	2800	2800	0	Price equals MRP; Out of stock				https://cyclify.in/products/cycling-onepiece-10859329388737.html	cycletime
207	10859404132545	Cycling Skinsuit	Out of Stock	3499	2800	699	Out of stock				https://cyclify.in/products/cycling-skinsuit-10859404132545.html	cycletime
208	10860835045569	Visma Skinsuit One Piece Triathlon	Out of Stock	4290	2800	1490	Out of stock				https://cyclify.in/products/visma-skinsuit-one-piece-triathlon-10860835045569.html	cycletime
209	10860841631937	Aerodoc Mineral Green Cycling Skinsuit	Out of Stock	4000	3500	500	Out of stock				https://cyclify.in/products/aerodoc-mineral-green-cycling-skinsuit-10860841631937.html	cycletime
210	10860852248769	Aerodoc Grayish Men Cycling Skinsuit	Out of Stock	3499	2800	699	Out of stock				https://cyclify.in/products/aerodoc-grayish-men-cycling-skinsuit-10860852248769.html	cycletime
211	10862389002433	iGPSPORT BSC 200S/300T Bike Computer Protective Case	In Stock	699	699	0	Price equals MRP				https://cyclify.in/products/igpsport-bsc-200s-300t-bike-computer-protective-case-10862389002433.html	cycletime
212	10863595290817	ELVES AULE CT Ti Pedals	Out of Stock	8999	6999	2000	Out of stock				https://cyclify.in/products/elves-aule-ct-ti-pedals-10863595290817.html	cycletime
213	10863612854465	OsmaR Magnetic Quick-Release Water Bottle 750ml	In Stock	3999	3300	699	OK				https://cyclify.in/products/osmar-magnetic-quick-release-water-bottle-750ml-10863612854465.html	cycletime
214	10864055976129	Shimano RS171 Aluminum Disc Brake Wheel - Shimano/Sram (Black)	In Stock	18930	17650	1280	OK				https://cyclify.in/products/shimano-rs171-aluminum-disc-brake-wheel-shimano-sram-black-10864055976129.html	cycletime
215	10864481992897	Elsier AeroFlow Performance Saddle	Out of Stock	2740	2199	541	Out of stock				https://cyclify.in/products/elsier-aeroflow-performance-saddle-10864481992897.html	cycletime
216	10864538517697	Elsier Comfort Pro Cut-Out Saddle	In Stock	3360	2799	561	OK				https://cyclify.in/products/elsier-comfort-pro-cut-out-saddle-10864538517697.html	cycletime
217	10867426820289	Continental Grand Prix 28" Folding Tire	Out of Stock	3480	2900	580	Out of stock				https://cyclify.in/products/continental-grand-prix-28-folding-tire-10867426820289.html	cycletime
218	10870271148225	Elsier Pedal Extender	In Stock	999	799	200	OK				https://cyclify.in/products/elsier-pedal-extender-10870271148225.html	cycletime
219	10872308728001	ELVES Replacement Gear Mech Hanger	In Stock	3240	2900	340	OK				https://cyclify.in/products/elves-replacement-gear-mech-hanger-10872308728001.html	cycletime
220	10878277386433	iGPSPORT M30 Saddle Mount for Bicycle Lights	Out of Stock	1249	990	259	Out of stock				https://cyclify.in/products/igpsport-m30-saddle-mount-for-bicycle-lights-10878277386433.html	cycletime
221	10881842741441	Aerodoc Road Bicycle Chainring – 110 BCD, 5-Bolt 52T	Out of Stock	4599	3800	799	Out of stock				https://cyclify.in/products/aerodoc-road-bicycle-chainring-110-bcd-5-bolt-52t-10881842741441.html	cycletime
222	10882435383489	ELVES OROME AeroEVO One Piece Carbon Handlebar	In Stock	23760	18999	4761	OK				https://cyclify.in/products/elves-orome-aeroevo-one-piece-carbon-handlebar-10882435383489.html	cycletime
223	10882444034241	UNO 17° Bicycle Stem – Lightweight, Strong & Performance-Focused	In Stock	1999	1499	500	OK				https://cyclify.in/products/uno-17-bicycle-stem-lightweight-strong-and-amp-performance-focused-10882444034241.html	cycletime
224	10882459861185	FMFXTR Bicycle Stem Lightweight Design Made Of High-strength Aluminum Alloy ±7° Adjustment Stem	In Stock	1999	1499	500	OK				https://cyclify.in/products/fmfxtr-bicycle-stem-lightweight-design-made-of-high-strength-aluminum-allo-10882459861185.html	cycletime
225	10883181445313	IGPSPORT S81 Mount	In Stock	1188	990	198	OK				https://cyclify.in/products/igpsport-s81-mount-10883181445313.html	cycletime
226	10886702203073	Elsier Carbon Saddle	In Stock	5998	4999	999	OK				https://cyclify.in/products/elsier-carbon-saddle-10886702203073.html	cycletime
227	10895152414913	Aerodoc Lightweight 3D Honeycomb Bicycle Saddle	In Stock	9480	5900	3580	OK				https://cyclify.in/products/aerodoc-lightweight-3d-honeycomb-bicycle-saddle-10895152414913.html	cycletime
228	10896193552577	ELSIER 11-Speed Cassette & Chain Combo	Out of Stock	5399	4499	900	Out of stock				https://cyclify.in/products/elsier-11-speed-cassette-and-chain-combo-10896193552577.html	cycletime
229	10897911021761	ELSIER Road Bike Chainring – 130 BCD | 8-11-Speed Compatible	In Stock	4200	1700	2500	OK				https://cyclify.in/products/elsier-road-bike-chainring-130-bcd-8-11-speed-compatible-10897911021761.html	cycletime
230	10907584168129	iGPSPORT Silicone Case For BSC 100Max Computer	In Stock	840	700	140	OK				https://cyclify.in/products/igpsport-silicone-case-for-bsc-100max-computer-10907584168129.html	cycletime
231	10909612900545	OROME VALAR BH56D Disc Brake Wheelset	In Stock	76000	76000	0	Price equals MRP				https://cyclify.in/products/orome-valar-bh56d-disc-brake-wheelset-10909612900545.html	cycletime
232	10917606162625	Ultra-Light Carbon Fiber Road Bike Saddle –Performance Cycling Seat with Center Relief Cutout	In Stock	13999	9999	4000	OK				https://cyclify.in/products/ultra-light-carbon-fiber-road-bike-saddle-performance-cycling-seat-with-ce-10917606162625.html	cycletime
233	10918629605569	Continental ULTRA SPORT III Tire 700X25C OEM (Without Box)	Out of Stock	5400	2400	3000	Out of stock				https://cyclify.in/products/continental-ultra-sport-iii-tire-700x25c-oem-without-box-10918629605569.html	cycletime
234	10920749007041	UNO+7° Bicycle Stem – Lightweight, Strong & amp; Performance-Focused 140mm And 150mm	In Stock	4400	3700	700	OK				https://cyclify.in/products/uno-7-bicycle-stem-lightweight-strong-and-amp-performance-focused-140mm-an-10920749007041.html	cycletime
235	10921258451137	ENLEE Anti-Rust Mountain Road Bicycle Chain 8/10/11/ Speed Silver/Gold MTB Cycle And Road Cycle Chains	In Stock	2860	849	2011	OK				https://cyclify.in/products/enlee-anti-rust-mountain-road-bicycle-chain-8-10-11-speed-silver-gold-mtb--10921258451137.html	cycletime
236	10926986035393	Ralson Eco Racer Lite Folding Tubeless Ready Training Tyre	In Stock	2880	2400	480	OK				https://cyclify.in/products/ralson-eco-racer-lite-folding-tubeless-ready-training-tyre-10926986035393.html	cycletime
237	10950741065921	SUNSHINE Road Bike HG Cassette 12 Speed 11-30T	Out of Stock	4199	3500	699	Out of stock				https://cyclify.in/products/sunshine-road-bike-hg-cassette-12-speed-11-30t-10950741065921.html	cycletime
238	10960481321153	Elsier 700*25-32C Lightweight TPU Inner Tube	In Stock	849	849	0	Price equals MRP				https://cyclify.in/products/elsier-700-25-32c-lightweight-tpu-inner-tube-10960481321153.html	cycletime
239	10960483483841	Elsier 700*23-25C Road Bike Butyl Inner Tube	In Stock	499	499	0	Price equals MRP				https://cyclify.in/products/elsier-700-23-25c-road-bike-butyl-inner-tube-10960483483841.html	cycletime
240	10960483975361	Elsier 700*28-32C Road Bike Butyl Inner Tube	In Stock	499	499	0	Price equals MRP				https://cyclify.in/products/elsier-700-28-32c-road-bike-butyl-inner-tube-10960483975361.html	cycletime
241	10960488431809	Elsier 29*1.75-2.40 MTB / Hybrid Bike Butyl Inner Tube	In Stock	499	499	0	Price equals MRP				https://cyclify.in/products/elsier-29-1-75-2-40-mtb-hybrid-bike-butyl-inner-tube-10960488431809.html	cycletime
242	10961208606913	SUNSHINE Road Bike HG Cassette 11 Speed 11-25T	In Stock	3480	2900	580	OK				https://cyclify.in/products/sunshine-road-bike-hg-cassette-11-speed-11-25t-10961208606913.html	cycletime
243	10961740660929	Prologo Scratch M5 AGX 140mm Saddle	In Stock	14999	11999	3000	OK				https://cyclify.in/products/prologo-scratch-m5-agx-140mm-saddle-10961740660929.html	cycletime
244	10961758060737	Prologo Dimension Tri Saddle	In Stock	15999	14499	1500	OK				https://cyclify.in/products/prologo-dimension-tri-saddle-10961758060737.html	cycletime
245	10961786110145	Favero Assioma Duo-Shi Power Pedals (Shimano)	In Stock	51999	49500	2499	OK				https://cyclify.in/products/favero-assioma-duo-shi-power-pedals-shimano-10961786110145.html	cycletime
246	10975812288705	Magene Silicone Case For C406 Computer	In Stock	1500	999	501	OK				https://cyclify.in/products/magene-silicone-case-for-c406-computer-10975812288705.html	cycletime
247	10985019965633	iGPSPORT Bike Computer Tempered Film (BSC200S / 300T)	In Stock	249	249	0	Price equals MRP				https://cyclify.in/products/igpsport-bike-computer-tempered-film-bsc200s-300t-10985019965633.html	cycletime
248	10989703790785	Aerodoc Vortex Seamless Cycling Bib Shorts	In Stock	4600	4600	0	Price equals MRP				https://cyclify.in/products/aerodoc-vortex-seamless-cycling-bib-shorts-10989703790785.html	cycletime
249	10992186589377	Aerodoc EconoRide Cycling Gel Padded Bib Shorts Black	In Stock	1999	1590	409	OK				https://cyclify.in/products/aerodoc-econoride-cycling-gel-padded-bib-shorts-black-10992186589377.html	cycletime
250	10992757407937	Aerodoc EconoRide Cycling Gel Padded Non Bib Shorts	In Stock	1999	1250	749	OK				https://cyclify.in/products/aerodoc-econoride-cycling-gel-padded-non-bib-shorts-10992757407937.html	cycletime
251	10992819503297	Aerodoc Nitro Gel Padded Cycling Shorts - Black	In Stock	2690	2690	0	Price equals MRP				https://cyclify.in/products/aerodoc-nitro-gel-padded-cycling-shorts-black-10992819503297.html	cycletime
252	10992871637185	Aerodoc Nitro Gel Padded Cycling Shorts - Combat Stone	In Stock	2690	2690	0	Price equals MRP				https://cyclify.in/products/aerodoc-nitro-gel-padded-cycling-shorts-combat-stone-10992871637185.html	cycletime
253	10994532548801	Elite Turno Home Trainer	In Stock	34900	29900	5000	OK				https://cyclify.in/products/elite-turno-home-trainer-10994532548801.html	cycletime
254	10995626377409	Nitro Gel Padded Aerodoc Cycling Shorts - Teal Green	In Stock	2690	2690	0	Price equals MRP				https://cyclify.in/products/nitro-gel-padded-aerodoc-cycling-shorts-teal-green-10995626377409.html	cycletime
255	10995627851969	Aerodoc Professional cycling Gel Padded bib shorts	In Stock	2900	2900	0	Price equals MRP				https://cyclify.in/products/aerodoc-professional-cycling-gel-padded-bib-shorts-10995627851969.html	cycletime
256	10995644694721	Fusion Gel Padded Cycling Bib Shorts	In Stock	2500	2500	0	Price equals MRP				https://cyclify.in/products/fusion-gel-padded-cycling-bib-shorts-10995644694721.html	cycletime
257	11040886161601	iGPSPORT BSC500 Cyclocomputer	In Stock	19500	19500	0	Price equals MRP				https://cyclify.in/products/igpsport-bsc500-cyclocomputer-11040886161601.html	cycletime